{
  "Earthwork": {
    "EW-01": 1850,
    "EW-02": 5.25,
    "EW-03": 7.5,
    "EW-04": 9.0,
    "EW-05": 7.25,
    "EW-06": 1250
  },
  "Erosion Control": {
    "EC-01": 1650,
    "EC-02": 2.5,
    "EC-03": 175,
    "EC-04": 4800,
    "EC-05": 650,
    "EC-06": 850,
    "EC-07": 2.75
  },
  "Storm Drainage": {
    "SD-01": 38,
    "SD-02": 42,
    "SD-03": 48,
    "SD-04": 2250,
    "SD-05": 2650,
    "SD-06": 1800,
    "SD-07": 6800,
    "SD-08": 4.75,
    "SD-09": 4500
  },
  "Water": {
    "WA-01": 32,
    "WA-02": 36,
    "WA-03": 4200,
    "WA-04": 850,
    "WA-05": 2650,
    "WA-06": 3850
  },
  "Sanitary Sewer": {
    "SS-01": 39,
    "SS-02": 2450,
    "SS-03": 1200,
    "SS-04": 850
  },
  "Paving": {
    "PV-01": 26,
    "PV-02": 31,
    "PV-03": 52,
    "PV-04": 17.5,
    "PV-05": 8.25,
    "PV-06": 725,
    "PV-07": 3850
  },
  "Pavement Markings": {
    "MK-01": 1.5,
    "MK-02": 225,
    "MK-03": 175,
    "MK-04": 3.5,
    "MK-05": 175
  },
  "Fencing": {
    "FM-01": 26,
    "FM-02": 1350,
    "FM-03": 38
  }
}